<?xml version="1.0" encoding="UTF-8"?>
<project-private xmlns="http://www.netbeans.org/ns/project-private/1">
    <editor-bookmarks xmlns="http://www.netbeans.org/ns/editor-bookmarks/2" lastBookmarkId="0"/>
    <open-files xmlns="http://www.netbeans.org/ns/projectui-open-files/2">
        <group>
            <file>file:/home/kali/Documents/Programacion%20Segura/JournalNotes/src/journal/AddNote.java</file>
            <file>file:/home/kali/Documents/Programacion%20Segura/JournalNotes/src/journal/ReadNote.java</file>
            <file>file:/home/kali/Documents/Programacion%20Segura/JournalNotes/src/journal/JournalNotesInterface.java</file>
        </group>
    </open-files>
</project-private>
